{"actions":[],"apps":[{"acl":{"app":[],"field":[],"record":[]},"app":null,"category":{"categories":[],"useCategory":"false"},"form":{"layout":"[{\"id\":null,\"type\":\"ROW\",\"isSubTable\":false,\"var\":null,\"label\":null,\"controlList\":[{\"isVirtical\":true,\"styleMap\":{\"width\":480},\"type\":\"SINGLE_LINE_TEXT\",\"var\":\"タイトル\",\"label\":\"タイトル\"},{\"styleMap\":{\"width\":960,\"height\":77},\"elementId\":\"gpx_viewer\",\"type\":\"SPACER\"}]},{\"id\":null,\"type\":\"ROW\",\"isSubTable\":false,\"var\":null,\"label\":null,\"controlList\":[{\"isVirtical\":true,\"styleMap\":{\"width\":120},\"type\":\"DATE\",\"var\":\"日付\",\"label\":\"日付\"},{\"isVirtical\":true,\"styleMap\":{\"width\":360},\"type\":\"FILE\",\"var\":\"GPXファイル\",\"label\":\"GPXファイル\"}]},{\"id\":\"5521736\",\"type\":\"SUBTABLE\",\"isSubTable\":true,\"var\":\"画像ファイルテーブル\",\"label\":\"画像ファイルテーブル\",\"controlList\":[{\"isVirtical\":true,\"styleMap\":{\"width\":240},\"type\":\"FILE\",\"var\":\"画像ファイル\",\"label\":\"画像ファイル\"},{\"isVirtical\":true,\"styleMap\":{\"width\":240},\"type\":\"SINGLE_LINE_TEXT\",\"var\":\"画像コメント\",\"label\":\"コメント\"}]},{\"id\":null,\"type\":\"ROW\",\"isSubTable\":false,\"var\":null,\"label\":null,\"controlList\":[{\"styleMap\":{\"width\":120},\"type\":\"HR\"},{\"styleMap\":{\"width\":120},\"type\":\"HR\"},{\"styleMap\":{\"width\":120},\"type\":\"HR\"},{\"styleMap\":{\"width\":120},\"type\":\"HR\"},{\"styleMap\":{\"width\":120},\"type\":\"HR\"},{\"styleMap\":{\"width\":120},\"type\":\"HR\"},{\"styleMap\":{\"width\":120},\"type\":\"HR\"},{\"styleMap\":{\"width\":120},\"type\":\"HR\"}]},{\"id\":null,\"type\":\"ROW\",\"isSubTable\":false,\"var\":null,\"label\":null,\"controlList\":[{\"isVirtical\":true,\"styleMap\":{\"width\":120},\"type\":\"RECORD_ID\",\"var\":\"レコード番号\",\"label\":\"レコード番号\"},{\"isVirtical\":true,\"styleMap\":{\"width\":196},\"type\":\"CREATED_AT\",\"var\":\"作成日時\",\"label\":\"作成日時\"},{\"isVirtical\":true,\"styleMap\":{\"width\":196},\"type\":\"MODIFIED_AT\",\"var\":\"更新日時\",\"label\":\"更新日時\"}]}]","revision":null},"iconMeta":{"internalName":null,"mime":"image/png","name":"目的地アイコン4.png"},"info":{"automaticallyChooseTitleComponent":"true","code":null,"decimalPrecision":"16","decimalScale":"4","description":"","enableBulkDeletion":"false","enableRecordReuse":"true","fiscalYearStartMonth":"4","iconKey":"727","iconType":"BLOB","jsFiles":null,"jsScope":"ALL","name":"GPX Viewer","roundingMode":"HALF_EVEN","theme":"PLAIN","titleComponentLocalId":null,"useComment":"true","useHistory":"true","useInlineEditAndDelete":"true","useThumbnail":"true"},"jsFiles":[{"jsFileMetas":[{"internalName":null,"locationType":"BLOB","mime":"text/javascript","name":"bundle.js","url":null}],"jsType":"DESKTOP"}],"notification":{"appNotifications":[{"events":["RECORD_COMMENT_ADDED"],"target":{"entityId":"5521723","entityType":"FIELD_ENTITY","includeSubs":"false"}},{"events":["RECORD_COMMENT_ADDED"],"target":{"entityId":"5521724","entityType":"FIELD_ENTITY","includeSubs":"false"}}],"recordNotifications":[],"reminderTimezone":null,"reminders":[],"useComment":"true","useReminder":"false"},"plugins":[],"reports":[],"resource":{"tables":[{"rows":[{"fields":[],"objectId":"0","subObjectId":"-1"}],"type":"AppName"},{"rows":[{"fields":[],"objectId":"0","subObjectId":"-1"}],"type":"AppDescription"},{"rows":[{"fields":[],"objectId":"5521722","subObjectId":"-1"},{"fields":[],"objectId":"5521723","subObjectId":"-1"},{"fields":[],"objectId":"5521724","subObjectId":"-1"},{"fields":[],"objectId":"5521725","subObjectId":"-1"},{"fields":[],"objectId":"5521726","subObjectId":"-1"},{"fields":[],"objectId":"5521727","subObjectId":"-1"},{"fields":[],"objectId":"5521728","subObjectId":"-1"},{"fields":[],"objectId":"5521729","subObjectId":"-1"},{"fields":[],"objectId":"5521730","subObjectId":"-1"},{"fields":[],"objectId":"5521731","subObjectId":"-1"},{"fields":[],"objectId":"5521736","subObjectId":"-1"},{"fields":[],"objectId":"5521734","subObjectId":"-1"},{"fields":[],"objectId":"5521735","subObjectId":"-1"},{"fields":[],"objectId":"5521744","subObjectId":"-1"}],"type":"FieldLabel"},{"rows":[{"fields":[],"objectId":"5521739","subObjectId":"-1"},{"fields":[],"objectId":"5521741","subObjectId":"-1"},{"fields":[],"objectId":"20","subObjectId":"-1"}],"type":"ViewName"},{"rows":[],"type":"CategoryName"}]},"schema":{"groups":[],"revision":null,"subTable":{"5521736":{"fieldList":{"5521734":{"id":"5521734","label":"画像ファイル","properties":{"noLabel":"false","required":"false","thumbnailSize":"150"},"type":"FILE","var":"画像ファイル"},"5521735":{"id":"5521735","label":"コメント","properties":{"defaultValue":"","expression":"","hideExpression":"false","max":null,"min":null,"noLabel":"false","required":"false","unique":"false"},"type":"SINGLE_LINE_TEXT","var":"画像コメント"}},"id":"5521736","label":"画像ファイルテーブル","properties":{"noLabel":"false"},"var":"画像ファイルテーブル"}},"table":{"fieldList":{"5521722":{"id":"5521722","label":"レコード番号","properties":{"noLabel":"false","required":"true"},"type":"RECORD_ID","var":"レコード番号"},"5521723":{"id":"5521723","label":"更新者","properties":{"noLabel":"false","required":"true"},"type":"MODIFIER","var":"更新者"},"5521724":{"id":"5521724","label":"作成者","properties":{"noLabel":"false","required":"true"},"type":"CREATOR","var":"作成者"},"5521725":{"id":"5521725","label":"更新日時","properties":{"noLabel":"false","required":"true"},"type":"MODIFIED_AT","var":"更新日時"},"5521726":{"id":"5521726","label":"作成日時","properties":{"noLabel":"false","required":"true"},"type":"CREATED_AT","var":"作成日時"},"5521727":{"id":"5521727","label":"ステータス","properties":{"noLabel":"false","required":"false"},"type":"STATUS","var":"ステータス"},"5521728":{"id":"5521728","label":"作業者","properties":{"noLabel":"false","required":"false"},"type":"STATUS_ASSIGNEE","var":"作業者"},"5521729":{"id":"5521729","label":"カテゴリー","properties":{"noLabel":"false","required":"false"},"type":"CATEGORY","var":"カテゴリー"},"5521730":{"id":"5521730","label":"タイトル","properties":{"defaultValue":"","expression":"","hideExpression":"false","max":null,"min":null,"noLabel":"false","required":"false","unique":"false"},"type":"SINGLE_LINE_TEXT","var":"タイトル"},"5521731":{"id":"5521731","label":"GPXファイル","properties":{"noLabel":"false","required":"false","thumbnailSize":"150"},"type":"FILE","var":"GPXファイル"},"5521744":{"id":"5521744","label":"日付","properties":{"defaultExpression":null,"defaultValue":null,"noLabel":"false","required":"false","unique":"false"},"type":"DATE","var":"日付"}},"id":"1","label":"__ROOT__","properties":null,"var":"__ROOT__"}},"settingsNotesForm":{"content":null,"willBeInherited":null},"status":{"actions":[],"filters":[],"initialStateId":null,"states":[],"useStatus":"false"},"uuid":"a685764b-3682-4ce0-9401-b6d776f047a7","views":[{"advancedMode":"false","builtinType":null,"device":null,"fields":[{"row":[{"columnWidth":null,"id":"5521744"},{"columnWidth":null,"id":"5521730"},{"columnWidth":null,"id":"5521731"},{"columnWidth":null,"id":"5521736"}]}],"filter":{"category":null,"offset":null,"order":["ASC"],"q":null,"size":null,"sort":["f5521744"]},"html":null,"keyFieldId":null,"name":"一覧1","pager":null,"revision":null,"titleFieldId":null,"view":"5521739","viewType":"LIST"},{"advancedMode":"false","builtinType":null,"device":"ANY","fields":[{"row":[]}],"filter":{"category":null,"offset":null,"order":["ASC"],"q":"f5521744 != \"\" and f5521730 != \"\"","size":null,"sort":["f5521744"]},"html":"\u003Cdiv id=\"gpx_viewer\" class=\"gpx_viewer\"\u003E\u003Cdiv id=\"map_container\" class=\"map_container-index\" /\u003E\u003C/div\u003E","keyFieldId":null,"name":"ビューワー","pager":"false","revision":null,"titleFieldId":null,"view":"5521741","viewType":"CUSTOM"},{"advancedMode":null,"builtinType":"ALL","device":null,"fields":[{"row":[{"columnWidth":null,"id":"5521722"},{"columnWidth":null,"id":"5521730"},{"columnWidth":null,"id":"5521731"},{"columnWidth":null,"id":"5521744"}]}],"filter":{"category":null,"offset":null,"order":[],"q":null,"size":null,"sort":[]},"html":null,"keyFieldId":null,"name":"（すべて）","pager":null,"revision":null,"titleFieldId":null,"view":"20","viewType":"LIST"}]}],"description":"GitHub リポジトリ\nhttps://github.com/iShinkai/gpx-viewer-kintone\n\nQiita 記事\nkintone × MapLibre で旅の想い出を可視化する\nhttps://qiita.com/iShinkai/items/f20edc14c5689df8e0cd","iconKey":"2024120614180599DC31E572AE46CF832A67C55E708289336","iconMeta":{"internalName":null,"mime":"image/png","name":"目的地アイコン4.png"},"iconSrcAppId":"a685764b-3682-4ce0-9401-b6d776f047a7","iconType":"BLOB","imagesMeta":[],"lookups":[],"name":"GPX Viewer","references":[],"version":"41"}